Original_x,Optimal_x,Cost,Objective,Runtime,Slack_income,slack_credit,Slack_ca,Slack_la
"[5.0, 0.0, 0.0, 6500000.0, 13400000.0, 18.0, 787.0, 18200000.0, 300000.0, 16200000.0, 5400000.0]","[5.00000e+00 0.00000e+00 0.00000e+00 3.49995e+04 1.34000e+07 5.00000e+00
 5.99500e+02 2.80000e+06 9.95000e+01 9.99500e+02 8.00000e+05]",2,2,0.026158332824707,0.5,0.5,0.5,0.5
"[2.0, 1.0, 0.0, 8500000.0, 18900000.0, 18.0, 478.0, 23800000.0, 16300000.0, 25900000.0, 11400000.0]","[2.00000e+00 1.00000e+00 0.00000e+00 3.49995e+04 1.89000e+07 5.00000e+00
 5.99500e+02 2.80000e+06 9.95000e+01 9.99500e+02 8.00000e+05]",2,2,0.0257313251495361,0.5,0.5,0.5,0.5
"[0.0, 1.0, 0.0, 700000.0, 1400000.0, 14.0, 639.0, 1900000.0, 700000.0, 2400000.0, 900000.0]","[0.00000000e+00 1.00000000e+00 0.00000000e+00 4.00005000e+04
 1.40000000e+06 5.00000000e+00 9.00000000e+02 2.80000000e+06
 1.61614602e+07 0.00000000e+00 8.00000000e+05]",16162360.716578590005197,16162360.716578590005197,0.0250184535980224,0.5,150,16161210.216578590005197,1000
"[0.0, 1.0, 1.0, 9000000.0, 18700000.0, 18.0, 865.0, 26800000.0, 0.0, 20900000.0, 11300000.0]","[0.00000e+00 1.00000e+00 1.00000e+00 3.49995e+04 1.87000e+07 5.00000e+00
 5.99500e+02 2.80000e+06 9.95000e+01 9.99500e+02 8.00000e+05]",2,2,0.0271210670471191,0.5,0.5,0.5,0.5
"[5.0, 0.0, 1.0, 700000.0, 1300000.0, 20.0, 704.0, 1600000.0, 0.0, 2200000.0, 600000.0]","[5.0000000e+00 0.0000000e+00 1.0000000e+00 4.0000500e+04 1.3000000e+06
 5.0000000e+00 9.0000000e+02 2.8000000e+06 1.6711196e+07 0.0000000e+00
 8.0000000e+05]",16712096.515470389799774,16712096.515470389799774,0.0272655487060546,0.5,150,16710946.015470389799774,1000
"[0.0, 1.0, 0.0, 3000000.0, 6500000.0, 2.0, 612.0, 8800000.0, 3400000.0, 6700000.0, 1700000.0]","[0.00000000e+00 1.00000000e+00 0.00000000e+00 3.49990070e+04
 6.50000000e+06 5.00000000e+00 5.99007034e+02 2.80000000e+06
 9.90070340e+01 9.99007034e+02 8.00000000e+05]",3.971864188827147,3.971864188827147,0.0272965431213378,0.992966047206786,0.992966047206786,0.992966047206786,0.992966047206786
"[4.0, 1.0, 1.0, 9800000.0, 21200000.0, 20.0, 355.0, 22000000.0, 8900000.0, 31800000.0, 14400000.0]","[4.00000e+00 1.00000e+00 1.00000e+00 3.49995e+04 2.12000e+07 5.00000e+00
 5.99500e+02 2.80000e+06 9.95000e+01 9.99500e+02 8.00000e+05]",2,2,0.0223922729492187,0.5,0.5,0.5,0.5
"[3.0, 1.0, 0.0, 2900000.0, 6500000.0, 18.0, 827.0, 8300000.0, 600000.0, 10400000.0, 3200000.0]","[3.00000000e+00 1.00000000e+00 0.00000000e+00 3.49990070e+04
 6.50000000e+06 5.00000000e+00 5.99007034e+02 2.80000000e+06
 9.90070340e+01 9.99007034e+02 8.00000000e+05]",3.971863883388530,3.971863883388530,0.0183398723602294,0.992965970847132,0.992965970847132,0.992965970847132,0.992965970847132
"[5.0, 1.0, 1.0, 3300000.0, 7800000.0, 16.0, 632.0, 8500000.0, 500000.0, 7100000.0, 4900000.0]","[5.00000e+00 1.00000e+00 1.00000e+00 3.49995e+04 7.80000e+06 5.00000e+00
 5.99500e+02 2.80000e+06 9.95000e+01 9.99500e+02 8.00000e+05]",2,2,0.0145039558410644,0.5,0.5,0.5,0.5
"[2.0, 1.0, 1.0, 2400000.0, 4900000.0, 4.0, 888.0, 6400000.0, 4300000.0, 5100000.0, 3400000.0]","[2.00000000e+00 1.00000000e+00 1.00000000e+00 3.49993773e+04
 4.90000000e+06 5.00000000e+00 5.99377289e+02 2.80000000e+06
 9.93772895e+01 9.99377289e+02 8.00000000e+05]",2.490842053112640,2.490842053112640,0.0162539482116699,0.622710513278160,0.622710513278160,0.622710513278160,0.622710513278160
"[4.0, 1.0, 1.0, 5800000.0, 13300000.0, 14.0, 742.0, 16100000.0, 9300000.0, 16300000.0, 7000000.0]","[4.00000e+00 1.00000e+00 1.00000e+00 3.49995e+04 1.33000e+07 5.00000e+00
 5.99500e+02 2.80000e+06 9.95000e+01 9.99500e+02 8.00000e+05]",2,2,0.0175187587738037,0.5,0.5,0.5,0.5
"[5.0, 0.0, 0.0, 3700000.0, 7300000.0, 18.0, 339.0, 9300000.0, 100000.0, 13900000.0, 5300000.0]","[5.00000e+00 0.00000e+00 0.00000e+00 3.49995e+04 7.30000e+06 5.00000e+00
 5.99500e+02 2.80000e+06 9.95000e+01 9.99500e+02 8.00000e+05]",2,2,0.0228753089904785,0.5,0.5,0.5,0.5
"[3.0, 0.0, 1.0, 2900000.0, 5800000.0, 12.0, 353.0, 8400000.0, 2600000.0, 10100000.0, 3100000.0]","[3.00000000e+00 0.00000000e+00 1.00000000e+00 3.49991690e+04
 5.80000000e+06 5.00000000e+00 5.99169021e+02 2.80000000e+06
 9.91690208e+01 9.99169021e+02 8.00000000e+05]",3.323916862274883,3.323916862274883,0.0155496597290039,0.830979215568720,0.830979215568720,0.830979215568720,0.830979215568720
"[5.0, 0.0, 1.0, 500000.0, 900000.0, 18.0, 618.0, 1400000.0, 600000.0, 1200000.0, 400000.0]","[5.00000000e+00 0.00000000e+00 1.00000000e+00 4.00005000e+04
 9.00000000e+05 5.00000000e+00 9.00000000e+02 2.80000000e+06
 1.89101294e+07 0.00000000e+00 8.00000000e+05]",18911029.940521949210201,18911029.940521949210201,0.0158054828643798,0.5,150,18909879.440521949210201,1000
"[0.0, 0.0, 1.0, 7500000.0, 16800000.0, 16.0, 492.0, 21500000.0, 4800000.0, 25400000.0, 11100000.0]","[0.00000e+00 0.00000e+00 1.00000e+00 3.49995e+04 1.68000e+07 5.00000e+00
 5.99500e+02 2.80000e+06 9.95000e+01 9.99500e+02 8.00000e+05]",2,2,0.0150039196014404,0.5,0.5,0.5,0.5
"[0.0, 1.0, 0.0, 2400000.0, 5000000.0, 14.0, 580.0, 5900000.0, 4400000.0, 5500000.0, 3200000.0]","[0.00000000e+00 1.00000000e+00 0.00000000e+00 3.49993541e+04
 5.00000000e+06 5.00000000e+00 5.99354148e+02 2.80000000e+06
 9.93541485e+01 9.99354148e+02 8.00000000e+05]",2.583406076921787,2.583406076921787,0.0135612487792968,0.645851519230446,0.645851519230446,0.645851519230446,0.645851519230446
"[0.0, 1.0, 0.0, 3600000.0, 7800000.0, 14.0, 376.0, 9800000.0, 6900000.0, 11900000.0, 3000000.0]","[0.00000e+00 1.00000e+00 0.00000e+00 3.49995e+04 7.80000e+06 5.00000e+00
 5.99500e+02 2.80000e+06 9.95000e+01 9.99500e+02 8.00000e+05]",2,2,0.0185945034027099,0.5,0.5,0.5,0.5
"[0.0, 1.0, 0.0, 5300000.0, 10900000.0, 18.0, 707.0, 12900000.0, 2600000.0, 12700000.0, 7600000.0]","[0.00000e+00 1.00000e+00 0.00000e+00 3.49995e+04 1.09000e+07 5.00000e+00
 5.99500e+02 2.80000e+06 9.95000e+01 9.99500e+02 8.00000e+05]",2,2,0.0252168178558349,0.5,0.5,0.5,0.5
"[1.0, 0.0, 1.0, 5700000.0, 12000000.0, 4.0, 415.0, 15700000.0, 900000.0, 17300000.0, 7400000.0]","[1.00000e+00 0.00000e+00 1.00000e+00 3.49995e+04 1.20000e+07 5.00000e+00
 5.99500e+02 2.80000e+06 9.95000e+01 9.99500e+02 8.00000e+05]",2,2,0.0203208923339843,0.5,0.5,0.5,0.5
"[4.0, 0.0, 1.0, 2700000.0, 5400000.0, 6.0, 861.0, 6300000.0, 2400000.0, 6700000.0, 2700000.0]","[4.00000000e+00 0.00000000e+00 1.00000000e+00 3.49992616e+04
 5.40000000e+06 5.00000000e+00 5.99261585e+02 2.80000000e+06
 9.92615847e+01 9.99261585e+02 8.00000000e+05]",2.953661263953915,2.953661263953915,0.0158288478851318,0.738415315988478,0.738415315988478,0.738415315988478,0.738415315988478
"[3.0, 1.0, 1.0, 6200000.0, 14600000.0, 2.0, 664.0, 18300000.0, 8400000.0, 16800000.0, 6600000.0]","[3.00000e+00 1.00000e+00 1.00000e+00 3.49995e+04 1.46000e+07 5.00000e+00
 5.99500e+02 2.80000e+06 9.95000e+01 9.99500e+02 8.00000e+05]",2,2,0.0127513408660888,0.5,0.5,0.5,0.5
"[5.0, 0.0, 1.0, 700000.0, 1300000.0, 16.0, 362.0, 2100000.0, 1300000.0, 2000000.0, 1000000.0]","[5.0000000e+00 0.0000000e+00 1.0000000e+00 4.0000500e+04 1.3000000e+06
 5.0000000e+00 9.0000000e+02 2.8000000e+06 1.6711196e+07 0.0000000e+00
 8.0000000e+05]",16712096.515470389799774,16712096.515470389799774,0.0143167972564697,0.5,150,16710946.015470389799774,1000
"[0.0, 1.0, 0.0, 6000000.0, 13100000.0, 6.0, 385.0, 16600000.0, 7600000.0, 22000000.0, 7400000.0]","[0.00000e+00 1.00000e+00 0.00000e+00 3.49995e+04 1.31000e+07 5.00000e+00
 5.99500e+02 2.80000e+06 9.95000e+01 9.99500e+02 8.00000e+05]",2,2,0.0143921375274658,0.5,0.5,0.5,0.5
"[2.0, 0.0, 0.0, 5000000.0, 10600000.0, 4.0, 570.0, 11900000.0, 900000.0, 14800000.0, 7100000.0]","[2.00000e+00 0.00000e+00 0.00000e+00 3.49995e+04 1.06000e+07 5.00000e+00
 5.99500e+02 2.80000e+06 9.95000e+01 9.99500e+02 8.00000e+05]",2,2,0.0370702743530273,0.5,0.5,0.5,0.5
"[5.0, 1.0, 0.0, 6500000.0, 13800000.0, 10.0, 342.0, 15300000.0, 2300000.0, 14400000.0, 7300000.0]","[5.00000e+00 1.00000e+00 0.00000e+00 3.49995e+04 1.38000e+07 5.00000e+00
 5.99500e+02 2.80000e+06 9.95000e+01 9.99500e+02 8.00000e+05]",2,2,0.0253899097442626,0.5,0.5,0.5,0.5
"[3.0, 1.0, 0.0, 4100000.0, 8500000.0, 2.0, 833.0, 12000000.0, 0.0, 16200000.0, 3400000.0]","[3.00000e+00 1.00000e+00 0.00000e+00 3.49995e+04 8.50000e+06 5.00000e+00
 5.99500e+02 2.80000e+06 9.95000e+01 9.99500e+02 8.00000e+05]",2,2,0.0288653373718261,0.5,0.5,0.5,0.5
"[2.0, 1.0, 1.0, 4000000.0, 8500000.0, 6.0, 323.0, 11200000.0, 1000000.0, 14300000.0, 4100000.0]","[2.00000e+00 1.00000e+00 1.00000e+00 3.49995e+04 8.50000e+06 5.00000e+00
 5.99500e+02 2.80000e+06 9.95000e+01 9.99500e+02 8.00000e+05]",2,2,0.0519652366638183,0.5,0.5,0.5,0.5
"[3.0, 1.0, 1.0, 9900000.0, 20400000.0, 4.0, 865.0, 26300000.0, 3600000.0, 36500000.0, 12800000.0]","[3.00000e+00 1.00000e+00 1.00000e+00 3.49995e+04 2.04000e+07 5.00000e+00
 5.99500e+02 2.80000e+06 9.95000e+01 9.99500e+02 8.00000e+05]",2,2,0.0455858707427978,0.5,0.5,0.5,0.5
"[2.0, 0.0, 0.0, 8800000.0, 17700000.0, 14.0, 706.0, 22900000.0, 4300000.0, 30300000.0, 9200000.0]","[2.00000e+00 0.00000e+00 0.00000e+00 3.49995e+04 1.77000e+07 5.00000e+00
 5.99500e+02 2.80000e+06 9.95000e+01 9.99500e+02 8.00000e+05]",2,2,0.0488543510437011,0.5,0.5,0.5,0.5
"[1.0, 0.0, 0.0, 9200000.0, 18800000.0, 2.0, 351.0, 22400000.0, 2200000.0, 31500000.0, 13000000.0]","[1.00000e+00 0.00000e+00 0.00000e+00 3.49995e+04 1.88000e+07 5.00000e+00
 5.99500e+02 2.80000e+06 9.95000e+01 9.99500e+02 8.00000e+05]",2,2,0.0353100299835205,0.5,0.5,0.5,0.5
"[1.0, 1.0, 1.0, 3900000.0, 7800000.0, 14.0, 349.0, 11200000.0, 500000.0, 11800000.0, 3600000.0]","[1.00000e+00 1.00000e+00 1.00000e+00 3.49995e+04 7.80000e+06 5.00000e+00
 5.99500e+02 2.80000e+06 9.95000e+01 9.99500e+02 8.00000e+05]",2,2,0.0413954257965087,0.5,0.5,0.5,0.5
"[1.0, 0.0, 0.0, 1900000.0, 4200000.0, 12.0, 821.0, 5200000.0, 1500000.0, 5000000.0, 2700000.0]","[1.00000000e+00 0.00000000e+00 0.00000000e+00 3.49995393e+04
 4.20000000e+06 5.00000000e+00 5.99539276e+02 2.80000000e+06
 9.95392762e+01 9.99539276e+02 8.00000000e+05]",1.842895025924623,1.842895025924623,0.0253174304962158,0.460723756481155,0.460723756481155,0.460723756481155,0.460723756481155
"[4.0, 0.0, 0.0, 9300000.0, 24900000.0, 14.0, 455.0, 27600000.0, 4700000.0, 35100000.0, 13900000.0]","[4.00000e+00 0.00000e+00 0.00000e+00 3.49995e+04 2.49000e+07 5.00000e+00
 5.99500e+02 2.80000e+06 9.95000e+01 9.99500e+02 8.00000e+05]",2,2,0.0240402221679687,0.5,0.5,0.5,0.5
"[2.0, 1.0, 0.0, 3600000.0, 8000000.0, 12.0, 566.0, 10500000.0, 3000000.0, 8900000.0, 2700000.0]","[2.00000e+00 1.00000e+00 0.00000e+00 3.49995e+04 8.00000e+06 5.00000e+00
 5.99500e+02 2.80000e+06 9.95000e+01 9.99500e+02 8.00000e+05]",2,2,0.0257363319396972,0.5,0.5,0.5,0.5
"[0.0, 0.0, 1.0, 500000.0, 1100000.0, 18.0, 479.0, 1500000.0, 500000.0, 1800000.0, 600000.0]","[0.00000000e+00 0.00000000e+00 1.00000000e+00 4.00005000e+04
 1.10000000e+06 5.00000000e+00 9.00000000e+02 2.80000000e+06
 1.78106597e+07 0.00000000e+00 8.00000000e+05]",17811560.204682124887214,17811560.204682124887214,0.02488374710083,0.5,150,17810409.704682124887214,1000
"[5.0, 1.0, 0.0, 9600000.0, 20700000.0, 14.0, 442.0, 25800000.0, 9800000.0, 31800000.0, 8200000.0]","[5.00000e+00 1.00000e+00 0.00000e+00 3.49995e+04 2.07000e+07 5.00000e+00
 5.99500e+02 2.80000e+06 9.95000e+01 9.99500e+02 8.00000e+05]",2,2,0.0230278968811035,0.5,0.5,0.5,0.5
"[3.0, 0.0, 1.0, 2400000.0, 4800000.0, 12.0, 895.0, 6800000.0, 300000.0, 7300000.0, 3300000.0]","[3.00000000e+00 0.00000000e+00 1.00000000e+00 3.49994004e+04
 4.80000000e+06 5.00000000e+00 5.99400430e+02 2.80000000e+06
 9.94004305e+01 9.99400430e+02 8.00000000e+05]",2.398278121004643,2.398278121004643,0.0247676372528076,0.599569530251160,0.599569530251160,0.599569530251160,0.599569530251160
"[3.0, 1.0, 0.0, 300000.0, 500000.0, 2.0, 477.0, 700000.0, 200000.0, 800000.0, 400000.0]","[3.00000000e+00 1.00000000e+00 0.00000000e+00 4.00005000e+04
 5.00000000e+05 5.00000000e+00 9.00000000e+02 2.80000000e+06
 2.11090622e+07 0.00000000e+00 8.00000000e+05]",21109962.736933025449322,21109962.736933025449322,0.0301840305328369,0.5,150,21108812.236933025449322,1000
"[5.0, 1.0, 1.0, 900000.0, 1800000.0, 14.0, 464.0, 2300000.0, 300000.0, 1800000.0, 700000.0]","[5.00000000e+00 1.00000000e+00 1.00000000e+00 4.00005000e+04
 1.80000000e+06 5.00000000e+00 9.00000000e+02 2.80000000e+06
 1.39625295e+07 0.00000000e+00 8.00000000e+05]",13963429.994471941322572,13963429.994471941322572,0.0253937244415283,0.5,150,13962279.494471941322572,1000
"[0.0, 1.0, 1.0, 8600000.0, 17700000.0, 20.0, 711.0, 22000000.0, 0.0, 30800000.0, 7400000.0]","[0.00000e+00 1.00000e+00 1.00000e+00 3.49995e+04 1.77000e+07 5.00000e+00
 5.99500e+02 2.80000e+06 9.95000e+01 9.99500e+02 8.00000e+05]",2,2,0.0212082862854003,0.5,0.5,0.5,0.5
"[2.0, 0.0, 0.0, 1800000.0, 3800000.0, 4.0, 777.0, 5100000.0, 2700000.0, 4600000.0, 1400000.0]","[2.00000000e+00 0.00000000e+00 0.00000000e+00 3.49996318e+04
 3.80000000e+06 5.00000000e+00 5.99631840e+02 2.80000000e+06
 9.96318401e+01 9.99631840e+02 8.00000000e+05]",1.472639427603654,1.472639427603654,0.0280804634094238,0.368159856900913,0.368159856900913,0.368159856900913,0.368159856900913
"[1.0, 0.0, 0.0, 3100000.0, 7400000.0, 18.0, 487.0, 8400000.0, 1200000.0, 9200000.0, 4500000.0]","[1.00000e+00 0.00000e+00 0.00000e+00 3.49995e+04 7.40000e+06 5.00000e+00
 5.99500e+02 2.80000e+06 9.95000e+01 9.99500e+02 8.00000e+05]",2,2,0.0221526622772216,0.5,0.5,0.5,0.5
"[3.0, 0.0, 0.0, 1600000.0, 3500000.0, 10.0, 844.0, 4500000.0, 2200000.0, 5200000.0, 1600000.0]","[3.00000000e+00 0.00000000e+00 0.00000000e+00 3.49997013e+04
 3.50000000e+06 5.00000000e+00 5.99701263e+02 2.80000000e+06
 9.97012631e+01 9.99701263e+02 8.00000000e+05]",1.194947703409709,1.194947703409709,0.0236215591430664,0.298736925852427,0.298736925852427,0.298736925852427,0.298736925852427
"[4.0, 1.0, 1.0, 4100000.0, 9600000.0, 10.0, 521.0, 11900000.0, 7100000.0, 14100000.0, 4900000.0]","[4.00000e+00 1.00000e+00 1.00000e+00 3.49995e+04 9.60000e+06 5.00000e+00
 5.99500e+02 2.80000e+06 9.95000e+01 9.99500e+02 8.00000e+05]",2,2,0.0486986637115478,0.5,0.5,0.5,0.5
"[5.0, 0.0, 0.0, 4700000.0, 10200000.0, 16.0, 874.0, 10800000.0, 7700000.0, 11100000.0, 7000000.0]","[5.00000e+00 0.00000e+00 0.00000e+00 3.49995e+04 1.02000e+07 5.00000e+00
 5.99500e+02 2.80000e+06 9.95000e+01 9.99500e+02 8.00000e+05]",2,2,0.0477571487426757,0.5,0.5,0.5,0.5
"[2.0, 1.0, 0.0, 600000.0, 1100000.0, 10.0, 800.0, 1200000.0, 200000.0, 2300000.0, 900000.0]","[2.00000000e+00 1.00000000e+00 0.00000000e+00 4.00005000e+04
 1.10000000e+06 5.00000000e+00 9.00000000e+02 2.80000000e+06
 1.78106615e+07 0.00000000e+00 8.00000000e+05]",17811561.994692877410127,17811561.994692877410127,0.0860652923583984,0.5,150,17810411.494692877410127,1000
"[4.0, 1.0, 1.0, 5300000.0, 10700000.0, 12.0, 700.0, 15800000.0, 1900000.0, 20500000.0, 2900000.0]","[4.00000e+00 1.00000e+00 1.00000e+00 3.49995e+04 1.07000e+07 5.00000e+00
 5.99500e+02 2.80000e+06 9.95000e+01 9.99500e+02 8.00000e+05]",2,2,0.0697813034057617,0.5,0.5,0.5,0.5
"[3.0, 1.0, 0.0, 1200000.0, 2400000.0, 12.0, 480.0, 3000000.0, 100000.0, 3100000.0, 1700000.0]","[3.00000000e+00 1.00000000e+00 0.00000000e+00 3.49999558e+04
 2.40000000e+06 5.00000000e+00 5.99955814e+02 2.80000000e+06
 9.99558137e+01 9.99955814e+02 8.00000000e+05]",0.176745044180545,0.176745044180545,0.075101613998413,0.044186261045136,0.044186261045136,0.044186261045136,0.044186261045136
"[4.0, 0.0, 1.0, 300000.0, 500000.0, 2.0, 353.0, 600000.0, 100000.0, 1200000.0, 400000.0]","[4.00000000e+00 0.00000000e+00 1.00000000e+00 4.00005000e+04
 5.00000000e+05 5.00000000e+00 9.00000000e+02 2.80000000e+06
 2.11090623e+07 0.00000000e+00 8.00000000e+05]",21109962.760910699697074,21109962.760910699697074,0.0668568611145019,0.5,150,21108812.260910699697074,1000
"[0.0, 0.0, 1.0, 9400000.0, 19200000.0, 20.0, 708.0, 21200000.0, 16300000.0, 23400000.0, 13200000.0]","[0.00000e+00 0.00000e+00 1.00000e+00 3.49995e+04 1.92000e+07 5.00000e+00
 5.99500e+02 2.80000e+06 9.95000e+01 9.99500e+02 8.00000e+05]",2,2,0.0437934398651123,0.5,0.5,0.5,0.5
"[2.0, 0.0, 0.0, 9100000.0, 21700000.0, 12.0, 549.0, 25500000.0, 11000000.0, 34700000.0, 12200000.0]","[2.00000e+00 0.00000e+00 0.00000e+00 3.49995e+04 2.17000e+07 5.00000e+00
 5.99500e+02 2.80000e+06 9.95000e+01 9.99500e+02 8.00000e+05]",2,2,0.0365550518035888,0.5,0.5,0.5,0.5
"[1.0, 0.0, 0.0, 9500000.0, 23000000.0, 10.0, 627.0, 28500000.0, 11500000.0, 21700000.0, 9100000.0]","[1.00000e+00 0.00000e+00 0.00000e+00 3.49995e+04 2.30000e+07 5.00000e+00
 5.99500e+02 2.80000e+06 9.95000e+01 9.99500e+02 8.00000e+05]",2,2,0.0709345340728759,0.5,0.5,0.5,0.5
"[2.0, 1.0, 1.0, 7400000.0, 14900000.0, 20.0, 627.0, 15900000.0, 10100000.0, 19000000.0, 10300000.0]","[2.00000e+00 1.00000e+00 1.00000e+00 3.49995e+04 1.49000e+07 5.00000e+00
 5.99500e+02 2.80000e+06 9.95000e+01 9.99500e+02 8.00000e+05]",2,2,0.0442497730255126,0.5,0.5,0.5,0.5
"[0.0, 0.0, 1.0, 9800000.0, 23200000.0, 10.0, 573.0, 23900000.0, 3300000.0, 23600000.0, 14600000.0]","[0.00000e+00 0.00000e+00 1.00000e+00 3.49995e+04 2.32000e+07 5.00000e+00
 5.99500e+02 2.80000e+06 9.95000e+01 9.99500e+02 8.00000e+05]",2,2,0.0512447357177734,0.5,0.5,0.5,0.5
"[1.0, 1.0, 0.0, 9800000.0, 21300000.0, 2.0, 356.0, 23000000.0, 12300000.0, 25700000.0, 14600000.0]","[1.00000e+00 1.00000e+00 0.00000e+00 3.49995e+04 2.13000e+07 5.00000e+00
 5.99500e+02 2.80000e+06 9.95000e+01 9.99500e+02 8.00000e+05]",2,2,0.0546698570251464,0.5,0.5,0.5,0.5
"[1.0, 0.0, 1.0, 6400000.0, 13900000.0, 12.0, 313.0, 18600000.0, 6300000.0, 18600000.0, 4900000.0]","[1.00000e+00 0.00000e+00 1.00000e+00 3.49995e+04 1.39000e+07 5.00000e+00
 5.99500e+02 2.80000e+06 9.95000e+01 9.99500e+02 8.00000e+05]",2,2,0.0424244403839111,0.5,0.5,0.5,0.5
"[3.0, 0.0, 0.0, 300000.0, 700000.0, 20.0, 735.0, 900000.0, 200000.0, 900000.0, 400000.0]","[3.00000000e+00 0.00000000e+00 0.00000000e+00 4.00005000e+04
 7.00000000e+05 5.00000000e+00 9.00000000e+02 2.80000000e+06
 2.00095953e+07 0.00000000e+00 8.00000000e+05]",20010495.764091244958277,20010495.764091244958277,0.0402054786682128,0.5,150,20009345.264091244958277,1000
"[3.0, 1.0, 0.0, 6200000.0, 13200000.0, 14.0, 707.0, 17200000.0, 8900000.0, 23100000.0, 4200000.0]","[3.00000e+00 1.00000e+00 0.00000e+00 3.49995e+04 1.32000e+07 5.00000e+00
 5.99500e+02 2.80000e+06 9.95000e+01 9.99500e+02 8.00000e+05]",2,2,0.0497846603393554,0.5,0.5,0.5,0.5
"[4.0, 1.0, 1.0, 5200000.0, 11400000.0, 10.0, 406.0, 14700000.0, 2000000.0, 13000000.0, 4400000.0]","[4.00000e+00 1.00000e+00 1.00000e+00 3.49995e+04 1.14000e+07 5.00000e+00
 5.99500e+02 2.80000e+06 9.95000e+01 9.99500e+02 8.00000e+05]",2,2,0.0352230072021484,0.5,0.5,0.5,0.5
"[1.0, 0.0, 0.0, 5100000.0, 11800000.0, 12.0, 314.0, 14700000.0, 7600000.0, 12400000.0, 4900000.0]","[1.00000e+00 0.00000e+00 0.00000e+00 3.49995e+04 1.18000e+07 5.00000e+00
 5.99500e+02 2.80000e+06 9.95000e+01 9.99500e+02 8.00000e+05]",2,2,0.0407578945159912,0.5,0.5,0.5,0.5
"[2.0, 0.0, 0.0, 1700000.0, 3700000.0, 20.0, 558.0, 4100000.0, 1400000.0, 5000000.0, 2500000.0]","[2.00000000e+00 0.00000000e+00 0.00000000e+00 3.49996550e+04
 3.70000000e+06 5.00000000e+00 5.99654981e+02 2.80000000e+06
 9.96549811e+01 9.99654981e+02 8.00000000e+05]",1.380075553476630,1.380075553476630,0.0603272914886474,0.345018888369157,0.345018888369157,0.345018888369157,0.345018888369157
"[4.0, 1.0, 0.0, 5300000.0, 10700000.0, 12.0, 821.0, 15400000.0, 10200000.0, 17600000.0, 2600000.0]","[4.00000e+00 1.00000e+00 0.00000e+00 3.49995e+04 1.07000e+07 5.00000e+00
 5.99500e+02 2.80000e+06 9.95000e+01 9.99500e+02 8.00000e+05]",2,2,0.0783603191375732,0.5,0.5,0.5,0.5
"[4.0, 0.0, 1.0, 5300000.0, 12000000.0, 10.0, 329.0, 15300000.0, 9300000.0, 17300000.0, 6100000.0]","[4.00000e+00 0.00000e+00 1.00000e+00 3.49995e+04 1.20000e+07 5.00000e+00
 5.99500e+02 2.80000e+06 9.95000e+01 9.99500e+02 8.00000e+05]",2,2,0.0588998794555664,0.5,0.5,0.5,0.5
"[1.0, 0.0, 1.0, 8300000.0, 17700000.0, 10.0, 673.0, 23700000.0, 5300000.0, 28700000.0, 4200000.0]","[1.00000e+00 0.00000e+00 1.00000e+00 3.49995e+04 1.77000e+07 5.00000e+00
 5.99500e+02 2.80000e+06 9.95000e+01 9.99500e+02 8.00000e+05]",2,2,0.0596802234649658,0.5,0.5,0.5,0.5
"[4.0, 0.0, 0.0, 6200000.0, 12400000.0, 20.0, 547.0, 14200000.0, 10800000.0, 17200000.0, 8000000.0]","[4.00000e+00 0.00000e+00 0.00000e+00 3.49995e+04 1.24000e+07 5.00000e+00
 5.99500e+02 2.80000e+06 9.95000e+01 9.99500e+02 8.00000e+05]",2,2,0.0406551361083984,0.5,0.5,0.5,0.5
"[0.0, 0.0, 0.0, 9300000.0, 20300000.0, 14.0, 759.0, 27000000.0, 11600000.0, 26500000.0, 10900000.0]","[0.00000e+00 0.00000e+00 0.00000e+00 3.49995e+04 2.03000e+07 5.00000e+00
 5.99500e+02 2.80000e+06 9.95000e+01 9.99500e+02 8.00000e+05]",2,2,0.0538876056671142,0.5,0.5,0.5,0.5
"[3.0, 1.0, 1.0, 7000000.0, 15400000.0, 20.0, 315.0, 19900000.0, 7600000.0, 16400000.0, 5900000.0]","[3.00000e+00 1.00000e+00 1.00000e+00 3.49995e+04 1.54000e+07 5.00000e+00
 5.99500e+02 2.80000e+06 9.95000e+01 9.99500e+02 8.00000e+05]",2,2,0.0415396690368652,0.5,0.5,0.5,0.5
"[2.0, 1.0, 0.0, 5400000.0, 11900000.0, 6.0, 303.0, 15000000.0, 9200000.0, 15400000.0, 6900000.0]","[2.00000e+00 1.00000e+00 0.00000e+00 3.49995e+04 1.19000e+07 5.00000e+00
 5.99500e+02 2.80000e+06 9.95000e+01 9.99500e+02 8.00000e+05]",2,2,0.0607295036315918,0.5,0.5,0.5,0.5
"[4.0, 1.0, 1.0, 3800000.0, 8200000.0, 4.0, 309.0, 10900000.0, 3900000.0, 10200000.0, 3300000.0]","[4.00000e+00 1.00000e+00 1.00000e+00 3.49995e+04 8.20000e+06 5.00000e+00
 5.99500e+02 2.80000e+06 9.95000e+01 9.99500e+02 8.00000e+05]",2,2,0.0493743419647216,0.5,0.5,0.5,0.5
"[4.0, 0.0, 1.0, 1400000.0, 2900000.0, 6.0, 723.0, 3800000.0, 0.0, 4700000.0, 1600000.0]","[4.00000000e+00 0.00000000e+00 1.00000000e+00 3.49998401e+04
 2.90000000e+06 5.00000000e+00 5.99840109e+02 2.80000000e+06
 9.98401089e+01 9.99840109e+02 8.00000000e+05]",0.639564410778315,0.639564410778315,0.0549120903015136,0.159891102694578,0.159891102694578,0.159891102694578,0.159891102694578
"[5.0, 1.0, 0.0, 3200000.0, 7400000.0, 12.0, 583.0, 9400000.0, 5500000.0, 10600000.0, 3600000.0]","[5.00000e+00 1.00000e+00 0.00000e+00 3.49995e+04 7.40000e+06 5.00000e+00
 5.99500e+02 2.80000e+06 9.95000e+01 9.99500e+02 8.00000e+05]",2,2,0.0449194908142089,0.5,0.5,0.5,0.5
"[5.0, 0.0, 0.0, 9000000.0, 18000000.0, 18.0, 509.0, 24600000.0, 5200000.0, 20000000.0, 6100000.0]","[5.00000e+00 0.00000e+00 0.00000e+00 3.49995e+04 1.80000e+07 5.00000e+00
 5.99500e+02 2.80000e+06 9.95000e+01 9.99500e+02 8.00000e+05]",2,2,0.0471878051757812,0.5,0.5,0.5,0.5
"[4.0, 0.0, 1.0, 4900000.0, 10200000.0, 18.0, 370.0, 10900000.0, 2200000.0, 13700000.0, 6600000.0]","[4.00000e+00 0.00000e+00 1.00000e+00 3.49995e+04 1.02000e+07 5.00000e+00
 5.99500e+02 2.80000e+06 9.95000e+01 9.99500e+02 8.00000e+05]",2,2,0.0385191440582275,0.5,0.5,0.5,0.5
"[1.0, 0.0, 1.0, 7700000.0, 16900000.0, 6.0, 621.0, 22600000.0, 7900000.0, 27400000.0, 10200000.0]","[1.00000e+00 0.00000e+00 1.00000e+00 3.49995e+04 1.69000e+07 5.00000e+00
 5.99500e+02 2.80000e+06 9.95000e+01 9.99500e+02 8.00000e+05]",2,2,0.0552160739898681,0.5,0.5,0.5,0.5
"[3.0, 0.0, 0.0, 6300000.0, 13900000.0, 18.0, 748.0, 17700000.0, 8800000.0, 21700000.0, 8600000.0]","[3.00000e+00 0.00000e+00 0.00000e+00 3.49995e+04 1.39000e+07 5.00000e+00
 5.99500e+02 2.80000e+06 9.95000e+01 9.99500e+02 8.00000e+05]",2,2,0.044687271118164,0.5,0.5,0.5,0.5
"[0.0, 0.0, 1.0, 7500000.0, 16600000.0, 14.0, 440.0, 17200000.0, 14500000.0, 24100000.0, 10300000.0]","[0.00000e+00 0.00000e+00 1.00000e+00 3.49995e+04 1.66000e+07 5.00000e+00
 5.99500e+02 2.80000e+06 9.95000e+01 9.99500e+02 8.00000e+05]",2,2,0.0587408542633056,0.5,0.5,0.5,0.5
"[5.0, 1.0, 1.0, 200000.0, 300000.0, 10.0, 704.0, 500000.0, 100000.0, 800000.0, 200000.0]","[5.00000000e+00 1.00000000e+00 1.00000000e+00 4.00005000e+04
 3.00000000e+05 5.00000000e+00 9.00000000e+02 2.80000000e+06
 2.22085298e+07 0.00000000e+00 8.00000000e+05]",22209430.338415289111674,22209430.338415289111674,0.0854964256286621,0.5,150,22208279.838415289111674,1000
"[0.0, 1.0, 1.0, 6800000.0, 15300000.0, 14.0, 699.0, 19900000.0, 2600000.0, 13900000.0, 8300000.0]","[0.00000e+00 1.00000e+00 1.00000e+00 3.49995e+04 1.53000e+07 5.00000e+00
 5.99500e+02 2.80000e+06 9.95000e+01 9.99500e+02 8.00000e+05]",2,2,0.0647745132446289,0.5,0.5,0.5,0.5
"[4.0, 0.0, 1.0, 4700000.0, 9500000.0, 18.0, 876.0, 11800000.0, 6600000.0, 18000000.0, 4100000.0]","[4.00000e+00 0.00000e+00 1.00000e+00 3.49995e+04 9.50000e+06 5.00000e+00
 5.99500e+02 2.80000e+06 9.95000e+01 9.99500e+02 8.00000e+05]",2,2,0.1092426776885986,0.5,0.5,0.5,0.5
"[1.0, 0.0, 1.0, 8400000.0, 19700000.0, 6.0, 476.0, 24700000.0, 16500000.0, 31800000.0, 12100000.0]","[1.00000e+00 0.00000e+00 1.00000e+00 3.49995e+04 1.97000e+07 5.00000e+00
 5.99500e+02 2.80000e+06 9.95000e+01 9.99500e+02 8.00000e+05]",2,2,0.096435546875,0.5,0.5,0.5,0.5
"[3.0, 0.0, 0.0, 4700000.0, 10800000.0, 8.0, 527.0, 13300000.0, 3100000.0, 13600000.0, 4800000.0]","[3.00000e+00 0.00000e+00 0.00000e+00 3.49995e+04 1.08000e+07 5.00000e+00
 5.99500e+02 2.80000e+06 9.95000e+01 9.99500e+02 8.00000e+05]",2,2,0.0668210983276367,0.5,0.5,0.5,0.5
"[4.0, 1.0, 1.0, 5900000.0, 15000000.0, 14.0, 626.0, 16400000.0, 4600000.0, 17600000.0, 8200000.0]","[4.00000e+00 1.00000e+00 1.00000e+00 3.49995e+04 1.50000e+07 5.00000e+00
 5.99500e+02 2.80000e+06 9.95000e+01 9.99500e+02 8.00000e+05]",2,2,0.0741915702819824,0.5,0.5,0.5,0.5
"[5.0, 1.0, 0.0, 5000000.0, 10800000.0, 10.0, 345.0, 12300000.0, 5000000.0, 14100000.0, 6300000.0]","[5.00000e+00 1.00000e+00 0.00000e+00 3.49995e+04 1.08000e+07 5.00000e+00
 5.99500e+02 2.80000e+06 9.95000e+01 9.99500e+02 8.00000e+05]",2,2,0.0781972408294677,0.5,0.5,0.5,0.5
"[0.0, 1.0, 0.0, 4100000.0, 8800000.0, 18.0, 300.0, 10900000.0, 6400000.0, 8600000.0, 3500000.0]","[0.00000e+00 1.00000e+00 0.00000e+00 3.49995e+04 8.80000e+06 5.00000e+00
 5.99500e+02 2.80000e+06 9.95000e+01 9.99500e+02 8.00000e+05]",2,2,0.0549893379211425,0.5,0.5,0.5,0.5
"[0.0, 1.0, 1.0, 9600000.0, 19600000.0, 12.0, 500.0, 21500000.0, 700000.0, 37600000.0, 10900000.0]","[0.00000e+00 1.00000e+00 1.00000e+00 3.49995e+04 1.96000e+07 5.00000e+00
 5.99500e+02 2.80000e+06 9.95000e+01 9.99500e+02 8.00000e+05]",2,2,0.0704131126403808,0.5,0.5,0.5,0.5
"[2.0, 1.0, 1.0, 5000000.0, 10700000.0, 2.0, 753.0, 12600000.0, 9000000.0, 11500000.0, 5700000.0]","[2.00000e+00 1.00000e+00 1.00000e+00 3.49995e+04 1.07000e+07 5.00000e+00
 5.99500e+02 2.80000e+06 9.95000e+01 9.99500e+02 8.00000e+05]",2,2,0.0829768180847168,0.5,0.5,0.5,0.5
"[2.0, 0.0, 0.0, 7900000.0, 17700000.0, 4.0, 402.0, 20900000.0, 11800000.0, 25600000.0, 8400000.0]","[2.00000e+00 0.00000e+00 0.00000e+00 3.49995e+04 1.77000e+07 5.00000e+00
 5.99500e+02 2.80000e+06 9.95000e+01 9.99500e+02 8.00000e+05]",2,2,0.0985541343688964,0.5,0.5,0.5,0.5
"[3.0, 0.0, 0.0, 4300000.0, 8600000.0, 8.0, 881.0, 9100000.0, 5200000.0, 15000000.0, 5500000.0]","[3.00000e+00 0.00000e+00 0.00000e+00 3.49995e+04 8.60000e+06 5.00000e+00
 5.99500e+02 2.80000e+06 9.95000e+01 9.99500e+02 8.00000e+05]",2,2,0.0932586193084716,0.5,0.5,0.5,0.5
"[3.0, 1.0, 1.0, 8200000.0, 16500000.0, 18.0, 371.0, 19000000.0, 1200000.0, 18500000.0, 8200000.0]","[3.00000e+00 1.00000e+00 1.00000e+00 3.49995e+04 1.65000e+07 5.00000e+00
 5.99500e+02 2.80000e+06 9.95000e+01 9.99500e+02 8.00000e+05]",2,2,0.0677268505096435,0.5,0.5,0.5,0.5
"[0.0, 1.0, 1.0, 2400000.0, 5200000.0, 16.0, 740.0, 6300000.0, 1000000.0, 7500000.0, 2900000.0]","[0.00000000e+00 1.00000000e+00 1.00000000e+00 3.49993079e+04
 5.20000000e+06 5.00000000e+00 5.99307867e+02 2.80000000e+06
 9.93078665e+01 9.99307867e+02 8.00000000e+05]",2.768533879119457,2.768533879119457,0.0838649272918701,0.692133469779864,0.692133469779864,0.692133469779864,0.692133469779864
"[1.0, 0.0, 0.0, 8800000.0, 20200000.0, 6.0, 627.0, 24200000.0, 16100000.0, 17600000.0, 11900000.0]","[1.00000e+00 0.00000e+00 0.00000e+00 3.49995e+04 2.02000e+07 5.00000e+00
 5.99500e+02 2.80000e+06 9.95000e+01 9.99500e+02 8.00000e+05]",2,2,0.1097426414489746,0.5,0.5,0.5,0.5
"[0.0, 1.0, 1.0, 1200000.0, 2800000.0, 14.0, 892.0, 3200000.0, 100000.0, 3300000.0, 1700000.0]","[0.00000000e+00 1.00000000e+00 1.00000000e+00 3.49998632e+04
 2.80000000e+06 5.00000000e+00 5.99863250e+02 2.80000000e+06
 9.98632498e+01 9.99863250e+02 8.00000000e+05]",0.547000900070881,0.547000900070881,0.0614385604858398,0.136750225017720,0.136750225017720,0.136750225017720,0.136750225017720
"[1.0, 0.0, 0.0, 200000.0, 300000.0, 12.0, 697.0, 600000.0, 300000.0, 700000.0, 100000.0]","[1.00000000e+00 0.00000000e+00 0.00000000e+00 4.00005000e+04
 3.00000000e+05 5.00000000e+00 9.00000000e+02 2.80000000e+06
 2.22085275e+07 0.00000000e+00 8.00000000e+05]",22209427.979817186521594,22209427.979817186521594,0.112786054611206,0.5,150,22208277.479817186521594,1000
"[4.0, 0.0, 1.0, 9200000.0, 18600000.0, 2.0, 889.0, 26900000.0, 4200000.0, 33300000.0, 9700000.0]","[4.00000e+00 0.00000e+00 1.00000e+00 3.49995e+04 1.86000e+07 5.00000e+00
 5.99500e+02 2.80000e+06 9.95000e+01 9.99500e+02 8.00000e+05]",2,2,0.1119186878204345,0.5,0.5,0.5,0.5
"[2.0, 1.0, 0.0, 2000000.0, 4300000.0, 16.0, 497.0, 5100000.0, 200000.0, 5700000.0, 2800000.0]","[2.00000000e+00 1.00000000e+00 0.00000000e+00 3.49995161e+04
 4.30000000e+06 5.00000000e+00 5.99516135e+02 2.80000000e+06
 9.95161353e+01 9.99516135e+02 8.00000000e+05]",1.935458754406874,1.935458754406874,0.0672214031219482,0.483864688601718,0.483864688601718,0.483864688601718,0.483864688601718
"[3.0, 0.0, 1.0, 1400000.0, 2700000.0, 14.0, 694.0, 3800000.0, 200000.0, 3600000.0, 1700000.0]","[3.00000000e+00 0.00000000e+00 1.00000000e+00 3.49998864e+04
 2.70000000e+06 5.00000000e+00 5.99886391e+02 2.80000000e+06
 9.98863908e+01 9.99886391e+02 8.00000000e+05]",0.454436764337139,0.454436764337139,0.0773937702178955,0.113609191084284,0.113609191084284,0.113609191084284,0.113609191084284
"[1.0, 0.0, 0.0, 2500000.0, 5900000.0, 12.0, 668.0, 7400000.0, 600000.0, 6300000.0, 3700000.0]","[1.00000000e+00 0.00000000e+00 0.00000000e+00 3.49991459e+04
 5.90000000e+06 5.00000000e+00 5.99145880e+02 2.80000000e+06
 9.91458798e+01 9.99145880e+02 8.00000000e+05]",3.416480886084031,3.416480886084031,0.078010082244873,0.854120221521007,0.854120221521007,0.854120221521007,0.854120221521007
"[1.0, 1.0, 1.0, 1000000.0, 2100000.0, 8.0, 793.0, 2900000.0, 1300000.0, 2200000.0, 1400000.0]","[1.0000000e+00 1.0000000e+00 1.0000000e+00 4.0000500e+04 2.1000000e+06
 5.0000000e+00 9.0000000e+02 2.8000000e+06 1.2313327e+07 0.0000000e+00
 8.0000000e+05]",12314227.507032036070533,12314227.507032036070533,0.1075990200042724,0.5,150,12313077.007032036070533,1000
"[1.0, 0.0, 1.0, 9300000.0, 19000000.0, 14.0, 689.0, 24000000.0, 11500000.0, 35100000.0, 9000000.0]","[1.00000e+00 0.00000e+00 1.00000e+00 3.49995e+04 1.90000e+07 5.00000e+00
 5.99500e+02 2.80000e+06 9.95000e+01 9.99500e+02 8.00000e+05]",2,2,0.0874409675598144,0.5,0.5,0.5,0.5
"[5.0, 1.0, 0.0, 8300000.0, 17700000.0, 12.0, 334.0, 19600000.0, 13200000.0, 22500000.0, 9800000.0]","[5.00000e+00 1.00000e+00 0.00000e+00 3.49995e+04 1.77000e+07 5.00000e+00
 5.99500e+02 2.80000e+06 9.95000e+01 9.99500e+02 8.00000e+05]",2,2,0.1043801307678222,0.5,0.5,0.5,0.5
"[1.0, 1.0, 1.0, 7600000.0, 18800000.0, 14.0, 403.0, 20900000.0, 4700000.0, 24700000.0, 10000000.0]","[1.00000e+00 1.00000e+00 1.00000e+00 3.49995e+04 1.88000e+07 5.00000e+00
 5.99500e+02 2.80000e+06 9.95000e+01 9.99500e+02 8.00000e+05]",2,2,0.1331260204315185,0.5,0.5,0.5,0.5
"[3.0, 1.0, 1.0, 300000.0, 500000.0, 6.0, 386.0, 800000.0, 200000.0, 1200000.0, 100000.0]","[3.00000000e+00 1.00000000e+00 1.00000000e+00 4.00005000e+04
 5.00000000e+05 5.00000000e+00 9.00000000e+02 2.80000000e+06
 2.11090619e+07 0.00000000e+00 8.00000000e+05]",21109962.416563891559351,21109962.416563891559351,0.080606460571289,0.5,150,21108811.916563891559351,1000
"[5.0, 0.0, 1.0, 8700000.0, 18400000.0, 12.0, 394.0, 18800000.0, 3200000.0, 24600000.0, 12000000.0]","[5.00000e+00 0.00000e+00 1.00000e+00 3.49995e+04 1.84000e+07 5.00000e+00
 5.99500e+02 2.80000e+06 9.95000e+01 9.99500e+02 8.00000e+05]",2,2,0.0549433231353759,0.5,0.5,0.5,0.5
"[5.0, 1.0, 0.0, 1000000.0, 2000000.0, 4.0, 524.0, 2700000.0, 1800000.0, 2200000.0, 700000.0]","[5.00000000e+00 1.00000000e+00 0.00000000e+00 4.00005000e+04
 2.00000000e+06 5.00000000e+00 9.00000000e+02 2.80000000e+06
 1.28630631e+07 0.00000000e+00 8.00000000e+05]",12863963.602315295507330,12863963.602315295507330,0.0541574954986572,0.5,150,12862813.102315295507330,1000
"[0.0, 0.0, 0.0, 5600000.0, 11600000.0, 12.0, 466.0, 15000000.0, 7400000.0, 21800000.0, 7500000.0]","[0.00000e+00 0.00000e+00 0.00000e+00 3.49995e+04 1.16000e+07 5.00000e+00
 5.99500e+02 2.80000e+06 9.95000e+01 9.99500e+02 8.00000e+05]",2,2,0.0714466571807861,0.5,0.5,0.5,0.5
"[5.0, 0.0, 1.0, 4200000.0, 8500000.0, 4.0, 386.0, 8700000.0, 4600000.0, 10500000.0, 6000000.0]","[5.00000e+00 0.00000e+00 1.00000e+00 3.49995e+04 8.50000e+06 5.00000e+00
 5.99500e+02 2.80000e+06 9.95000e+01 9.99500e+02 8.00000e+05]",2,2,0.0884954929351806,0.5,0.5,0.5,0.5
"[1.0, 1.0, 0.0, 3200000.0, 6600000.0, 16.0, 534.0, 8800000.0, 2600000.0, 6500000.0, 1800000.0]","[1.00000e+00 1.00000e+00 0.00000e+00 3.49995e+04 6.60000e+06 5.00000e+00
 5.99500e+02 2.80000e+06 9.95000e+01 9.99500e+02 8.00000e+05]",2,2,0.1191413402557373,0.5,0.5,0.5,0.5
"[0.0, 1.0, 1.0, 8600000.0, 20000000.0, 10.0, 704.0, 25400000.0, 10000000.0, 30800000.0, 10300000.0]","[0.00000e+00 1.00000e+00 1.00000e+00 3.49995e+04 2.00000e+07 5.00000e+00
 5.99500e+02 2.80000e+06 9.95000e+01 9.99500e+02 8.00000e+05]",2,2,0.1703219413757324,0.5,0.5,0.5,0.5
"[2.0, 0.0, 1.0, 7500000.0, 15100000.0, 8.0, 488.0, 19800000.0, 0.0, 28500000.0, 6700000.0]","[2.00000e+00 0.00000e+00 1.00000e+00 3.49995e+04 1.51000e+07 5.00000e+00
 5.99500e+02 2.80000e+06 9.95000e+01 9.99500e+02 8.00000e+05]",2,2,0.0928959846496582,0.5,0.5,0.5,0.5
"[1.0, 0.0, 0.0, 7400000.0, 16100000.0, 4.0, 655.0, 22000000.0, 12900000.0, 25300000.0, 4300000.0]","[1.00000e+00 0.00000e+00 0.00000e+00 3.49995e+04 1.61000e+07 5.00000e+00
 5.99500e+02 2.80000e+06 9.95000e+01 9.99500e+02 8.00000e+05]",2,2,0.0824067592620849,0.5,0.5,0.5,0.5
"[0.0, 0.0, 0.0, 1400000.0, 2700000.0, 2.0, 685.0, 3400000.0, 800000.0, 5400000.0, 1300000.0]","[0.00000000e+00 0.00000000e+00 0.00000000e+00 3.49998864e+04
 2.70000000e+06 5.00000000e+00 5.99886391e+02 2.80000000e+06
 9.98863907e+01 9.99886391e+02 8.00000000e+05]",0.454437015832135,0.454437015832135,0.0749621391296386,0.113609253958033,0.113609253958033,0.113609253958033,0.113609253958033
"[3.0, 1.0, 1.0, 8400000.0, 20500000.0, 12.0, 796.0, 22900000.0, 10500000.0, 17600000.0, 11200000.0]","[3.00000e+00 1.00000e+00 1.00000e+00 3.49995e+04 2.05000e+07 5.00000e+00
 5.99500e+02 2.80000e+06 9.95000e+01 9.99500e+02 8.00000e+05]",2,2,0.102795124053955,0.5,0.5,0.5,0.5
"[2.0, 1.0, 0.0, 5300000.0, 10900000.0, 6.0, 647.0, 14600000.0, 3500000.0, 18700000.0, 3200000.0]","[2.00000e+00 1.00000e+00 0.00000e+00 3.49995e+04 1.09000e+07 5.00000e+00
 5.99500e+02 2.80000e+06 9.95000e+01 9.99500e+02 8.00000e+05]",2,2,0.0752792358398437,0.5,0.5,0.5,0.5
"[2.0, 1.0, 0.0, 7800000.0, 16900000.0, 6.0, 751.0, 17400000.0, 6300000.0, 20400000.0, 11700000.0]","[2.00000e+00 1.00000e+00 0.00000e+00 3.49995e+04 1.69000e+07 5.00000e+00
 5.99500e+02 2.80000e+06 9.95000e+01 9.99500e+02 8.00000e+05]",2,2,0.0722701549530029,0.5,0.5,0.5,0.5
"[4.0, 0.0, 0.0, 3100000.0, 6300000.0, 4.0, 370.0, 8600000.0, 4100000.0, 8800000.0, 2800000.0]","[4.00000000e+00 0.00000000e+00 0.00000000e+00 3.49990533e+04
 6.30000000e+06 5.00000000e+00 5.99053316e+02 2.80000000e+06
 9.90533160e+01 9.99053316e+02 8.00000000e+05]",3.786736077153509,3.786736077153509,0.0557129383087158,0.946684019288377,0.946684019288377,0.946684019288377,0.946684019288377
"[0.0, 1.0, 1.0, 7700000.0, 16900000.0, 14.0, 473.0, 22100000.0, 4000000.0, 29000000.0, 6400000.0]","[0.00000e+00 1.00000e+00 1.00000e+00 3.49995e+04 1.69000e+07 5.00000e+00
 5.99500e+02 2.80000e+06 9.95000e+01 9.99500e+02 8.00000e+05]",2,2,0.0598676204681396,0.5,0.5,0.5,0.5
"[4.0, 1.0, 1.0, 1200000.0, 2800000.0, 6.0, 366.0, 3300000.0, 300000.0, 4200000.0, 1400000.0]","[4.00000000e+00 1.00000000e+00 1.00000000e+00 3.49998632e+04
 2.80000000e+06 5.00000000e+00 5.99863250e+02 2.80000000e+06
 9.98632499e+01 9.99863250e+02 8.00000000e+05]",0.547000492819390,0.547000492819390,0.0815916061401367,0.136750123204847,0.136750123204847,0.136750123204847,0.136750123204847
"[3.0, 0.0, 0.0, 1300000.0, 2900000.0, 8.0, 733.0, 3800000.0, 1900000.0, 3800000.0, 1800000.0]","[3.00000000e+00 0.00000000e+00 0.00000000e+00 3.49998401e+04
 2.90000000e+06 5.00000000e+00 5.99840109e+02 2.80000000e+06
 9.98401089e+01 9.99840109e+02 8.00000000e+05]",0.639564458647565,0.639564458647565,0.0584456920623779,0.159891114661891,0.159891114661891,0.159891114661891,0.159891114661891
"[4.0, 1.0, 0.0, 8600000.0, 20900000.0, 10.0, 867.0, 24300000.0, 7200000.0, 23700000.0, 9900000.0]","[4.00000e+00 1.00000e+00 0.00000e+00 3.49995e+04 2.09000e+07 5.00000e+00
 5.99500e+02 2.80000e+06 9.95000e+01 9.99500e+02 8.00000e+05]",2,2,0.0613539218902587,0.5,0.5,0.5,0.5
"[4.0, 0.0, 1.0, 4700000.0, 12500000.0, 8.0, 678.0, 13700000.0, 200000.0, 9800000.0, 7000000.0]","[4.00000e+00 0.00000e+00 1.00000e+00 3.49995e+04 1.25000e+07 5.00000e+00
 5.99500e+02 2.80000e+06 9.95000e+01 9.99500e+02 8.00000e+05]",2,2,0.1082823276519775,0.5,0.5,0.5,0.5
"[2.0, 1.0, 0.0, 9900000.0, 19900000.0, 6.0, 312.0, 21400000.0, 2200000.0, 31400000.0, 11000000.0]","[2.00000e+00 1.00000e+00 0.00000e+00 3.49995e+04 1.99000e+07 5.00000e+00
 5.99500e+02 2.80000e+06 9.95000e+01 9.99500e+02 8.00000e+05]",2,2,0.0857586860656738,0.5,0.5,0.5,0.5
"[4.0, 1.0, 0.0, 7400000.0, 15400000.0, 6.0, 677.0, 22000000.0, 13500000.0, 28900000.0, 7400000.0]","[4.00000e+00 1.00000e+00 0.00000e+00 3.49995e+04 1.54000e+07 5.00000e+00
 5.99500e+02 2.80000e+06 9.95000e+01 9.99500e+02 8.00000e+05]",2,2,0.0635066032409668,0.5,0.5,0.5,0.5
"[4.0, 0.0, 1.0, 8200000.0, 19000000.0, 6.0, 334.0, 24500000.0, 6800000.0, 28600000.0, 10200000.0]","[4.00000e+00 0.00000e+00 1.00000e+00 3.49995e+04 1.90000e+07 5.00000e+00
 5.99500e+02 2.80000e+06 9.95000e+01 9.99500e+02 8.00000e+05]",2,2,0.0490708351135253,0.5,0.5,0.5,0.5
"[4.0, 1.0, 1.0, 8400000.0, 19700000.0, 14.0, 889.0, 22400000.0, 5800000.0, 22000000.0, 12100000.0]","[4.00000e+00 1.00000e+00 1.00000e+00 3.49995e+04 1.97000e+07 5.00000e+00
 5.99500e+02 2.80000e+06 9.95000e+01 9.99500e+02 8.00000e+05]",2,2,0.0340008735656738,0.5,0.5,0.5,0.5
"[2.0, 1.0, 1.0, 7900000.0, 16100000.0, 18.0, 318.0, 17300000.0, 2900000.0, 29900000.0, 9300000.0]","[2.00000e+00 1.00000e+00 1.00000e+00 3.49995e+04 1.61000e+07 5.00000e+00
 5.99500e+02 2.80000e+06 9.95000e+01 9.99500e+02 8.00000e+05]",2,2,0.0588626861572265,0.5,0.5,0.5,0.5
"[2.0, 0.0, 1.0, 7900000.0, 17100000.0, 16.0, 605.0, 19200000.0, 14100000.0, 21900000.0, 10400000.0]","[2.00000e+00 0.00000e+00 1.00000e+00 3.49995e+04 1.71000e+07 5.00000e+00
 5.99500e+02 2.80000e+06 9.95000e+01 9.99500e+02 8.00000e+05]",2,2,0.0613539218902587,0.5,0.5,0.5,0.5
"[0.0, 1.0, 0.0, 2500000.0, 5800000.0, 20.0, 671.0, 7400000.0, 500000.0, 7500000.0, 2000000.0]","[0.00000000e+00 1.00000000e+00 0.00000000e+00 3.49991690e+04
 5.80000000e+06 5.00000000e+00 5.99169021e+02 2.80000000e+06
 9.91690207e+01 9.99169021e+02 8.00000000e+05]",3.323917069937979,3.323917069937979,0.0791413784027099,0.830979267484494,0.830979267484494,0.830979267484494,0.830979267484494
"[4.0, 0.0, 1.0, 5400000.0, 11500000.0, 20.0, 705.0, 14600000.0, 3800000.0, 13500000.0, 6100000.0]","[4.00000e+00 0.00000e+00 1.00000e+00 3.49995e+04 1.15000e+07 5.00000e+00
 5.99500e+02 2.80000e+06 9.95000e+01 9.99500e+02 8.00000e+05]",2,2,0.0419530868530273,0.5,0.5,0.5,0.5
"[5.0, 0.0, 1.0, 5700000.0, 11500000.0, 2.0, 732.0, 15800000.0, 3700000.0, 15600000.0, 5300000.0]","[5.00000e+00 0.00000e+00 1.00000e+00 3.49995e+04 1.15000e+07 5.00000e+00
 5.99500e+02 2.80000e+06 9.95000e+01 9.99500e+02 8.00000e+05]",2,2,0.0668742656707763,0.5,0.5,0.5,0.5
"[5.0, 0.0, 1.0, 9500000.0, 21700000.0, 16.0, 307.0, 27500000.0, 2700000.0, 28500000.0, 9700000.0]","[5.00000e+00 0.00000e+00 1.00000e+00 3.49995e+04 2.17000e+07 5.00000e+00
 5.99500e+02 2.80000e+06 9.95000e+01 9.99500e+02 8.00000e+05]",2,2,0.0539114475250244,0.5,0.5,0.5,0.5
"[4.0, 1.0, 1.0, 3900000.0, 8900000.0, 10.0, 665.0, 9300000.0, 4000000.0, 9200000.0, 5300000.0]","[4.00000e+00 1.00000e+00 1.00000e+00 3.49995e+04 8.90000e+06 5.00000e+00
 5.99500e+02 2.80000e+06 9.95000e+01 9.99500e+02 8.00000e+05]",2,2,0.0564551353454589,0.5,0.5,0.5,0.5
"[2.0, 1.0, 1.0, 1700000.0, 3500000.0, 10.0, 854.0, 5000000.0, 2400000.0, 3400000.0, 1700000.0]","[2.00000000e+00 1.00000000e+00 1.00000000e+00 3.49997013e+04
 3.50000000e+06 5.00000000e+00 5.99701263e+02 2.80000000e+06
 9.97012630e+01 9.99701263e+02 8.00000000e+05]",1.194947815334304,1.194947815334304,0.0771484375,0.298736953833576,0.298736953833576,0.298736953833576,0.298736953833576
"[4.0, 0.0, 1.0, 2800000.0, 5500000.0, 8.0, 875.0, 6900000.0, 4000000.0, 6000000.0, 3300000.0]","[4.00000000e+00 0.00000000e+00 1.00000000e+00 3.49992384e+04
 5.50000000e+06 5.00000000e+00 5.99238444e+02 2.80000000e+06
 9.92384437e+01 9.99238444e+02 8.00000000e+05]",3.046225138080939,3.046225138080939,0.0392544269561767,0.761556284520234,0.761556284520234,0.761556284520234,0.761556284520234
"[0.0, 0.0, 0.0, 8800000.0, 17500000.0, 4.0, 848.0, 25400000.0, 8200000.0, 31600000.0, 5100000.0]","[0.00000e+00 0.00000e+00 0.00000e+00 3.49995e+04 1.75000e+07 5.00000e+00
 5.99500e+02 2.80000e+06 9.95000e+01 9.99500e+02 8.00000e+05]",2,2,0.0750045776367187,0.5,0.5,0.5,0.5
"[2.0, 0.0, 0.0, 2900000.0, 6600000.0, 10.0, 326.0, 8600000.0, 2200000.0, 7400000.0, 3400000.0]","[2.00000e+00 0.00000e+00 0.00000e+00 3.49995e+04 6.60000e+06 5.00000e+00
 5.99500e+02 2.80000e+06 9.95000e+01 9.99500e+02 8.00000e+05]",2,2,0.0626723766326904,0.5,0.5,0.5,0.5
"[3.0, 1.0, 0.0, 9100000.0, 19300000.0, 12.0, 696.0, 26200000.0, 7700000.0, 30100000.0, 13300000.0]","[3.00000e+00 1.00000e+00 0.00000e+00 3.49995e+04 1.93000e+07 5.00000e+00
 5.99500e+02 2.80000e+06 9.95000e+01 9.99500e+02 8.00000e+05]",2,2,0.0672156810760498,0.5,0.5,0.5,0.5
"[5.0, 0.0, 0.0, 2300000.0, 4900000.0, 4.0, 529.0, 6200000.0, 3900000.0, 9200000.0, 2000000.0]","[5.00000000e+00 0.00000000e+00 0.00000000e+00 3.49993773e+04
 4.90000000e+06 5.00000000e+00 5.99377290e+02 2.80000000e+06
 9.93772896e+01 9.99377290e+02 8.00000000e+05]",2.490841737562301,2.490841737562301,0.08681321144104,0.622710434390575,0.622710434390575,0.622710434390575,0.622710434390575
"[4.0, 1.0, 0.0, 4200000.0, 9400000.0, 4.0, 726.0, 10000000.0, 8100000.0, 16100000.0, 5500000.0]","[4.00000e+00 1.00000e+00 0.00000e+00 3.49995e+04 9.40000e+06 5.00000e+00
 5.99500e+02 2.80000e+06 9.95000e+01 9.99500e+02 8.00000e+05]",2,2,0.046537160873413,0.5,0.5,0.5,0.5
"[4.0, 0.0, 0.0, 3700000.0, 7600000.0, 14.0, 794.0, 9500000.0, 7300000.0, 12100000.0, 4500000.0]","[4.00000e+00 0.00000e+00 0.00000e+00 3.49995e+04 7.60000e+06 5.00000e+00
 5.99500e+02 2.80000e+06 9.95000e+01 9.99500e+02 8.00000e+05]",2,2,0.046821117401123,0.5,0.5,0.5,0.5
"[0.0, 0.0, 1.0, 5300000.0, 12900000.0, 20.0, 826.0, 15500000.0, 6800000.0, 12000000.0, 5200000.0]","[0.00000e+00 0.00000e+00 1.00000e+00 3.49995e+04 1.29000e+07 5.00000e+00
 5.99500e+02 2.80000e+06 9.95000e+01 9.99500e+02 8.00000e+05]",2,2,0.0434203147888183,0.5,0.5,0.5,0.5
"[3.0, 0.0, 0.0, 1100000.0, 2100000.0, 8.0, 737.0, 2900000.0, 2000000.0, 2500000.0, 900000.0]","[3.00000000e+00 0.00000000e+00 0.00000000e+00 4.00005000e+04
 2.10000000e+06 5.00000000e+00 9.00000000e+02 2.80000000e+06
 1.23133283e+07 0.00000000e+00 8.00000000e+05]",12314228.776410787021782,12314228.776410787021782,0.0762996673583984,0.5,150,12313078.276410787021782,1000
"[3.0, 1.0, 1.0, 5100000.0, 10300000.0, 12.0, 839.0, 13400000.0, 5400000.0, 10700000.0, 7500000.0]","[3.00000e+00 1.00000e+00 1.00000e+00 3.49995e+04 1.03000e+07 5.00000e+00
 5.99500e+02 2.80000e+06 9.95000e+01 9.99500e+02 8.00000e+05]",2,2,0.0493545532226562,0.5,0.5,0.5,0.5
"[0.0, 1.0, 1.0, 8300000.0, 17500000.0, 20.0, 643.0, 24800000.0, 8900000.0, 18800000.0, 5100000.0]","[0.00000e+00 1.00000e+00 1.00000e+00 3.49995e+04 1.75000e+07 5.00000e+00
 5.99500e+02 2.80000e+06 9.95000e+01 9.99500e+02 8.00000e+05]",2,2,0.0652408599853515,0.5,0.5,0.5,0.5
"[4.0, 1.0, 1.0, 3200000.0, 6800000.0, 16.0, 675.0, 8000000.0, 1900000.0, 6800000.0, 4000000.0]","[4.00000e+00 1.00000e+00 1.00000e+00 3.49995e+04 6.80000e+06 5.00000e+00
 5.99500e+02 2.80000e+06 9.95000e+01 9.99500e+02 8.00000e+05]",2,2,0.0595898628234863,0.5,0.5,0.5,0.5
"[3.0, 1.0, 0.0, 1600000.0, 3300000.0, 8.0, 609.0, 4700000.0, 100000.0, 6000000.0, 800000.0]","[3.00000000e+00 1.00000000e+00 0.00000000e+00 3.49997475e+04
 3.30000000e+06 5.00000000e+00 5.99747545e+02 2.80000000e+06
 9.97475450e+01 9.99747545e+02 8.00000000e+05]",1.009819911323761,1.009819911323761,0.0364103317260742,0.252454977830940,0.252454977830940,0.252454977830940,0.252454977830940
"[4.0, 0.0, 0.0, 1500000.0, 3400000.0, 10.0, 778.0, 3800000.0, 300000.0, 4000000.0, 2200000.0]","[4.00000000e+00 0.00000000e+00 0.00000000e+00 3.49997244e+04
 3.40000000e+06 5.00000000e+00 5.99724404e+02 2.80000000e+06
 9.97244041e+01 9.99724404e+02 8.00000000e+05]",1.102383727469813,1.102383727469813,0.0432782173156738,0.275595931867453,0.275595931867453,0.275595931867453,0.275595931867453
"[3.0, 1.0, 1.0, 4000000.0, 8600000.0, 4.0, 667.0, 11500000.0, 6300000.0, 15300000.0, 3500000.0]","[3.00000e+00 1.00000e+00 1.00000e+00 3.49995e+04 8.60000e+06 5.00000e+00
 5.99500e+02 2.80000e+06 9.95000e+01 9.99500e+02 8.00000e+05]",2,2,0.0309216976165771,0.5,0.5,0.5,0.5
"[1.0, 0.0, 1.0, 400000.0, 700000.0, 10.0, 787.0, 1000000.0, 200000.0, 1600000.0, 500000.0]","[1.00000000e+00 0.00000000e+00 1.00000000e+00 4.00005000e+04
 7.00000000e+05 5.00000000e+00 9.00000000e+02 2.80000000e+06
 2.00095937e+07 0.00000000e+00 8.00000000e+05]",20010494.234396493221196,20010494.234396493221196,0.0900211334228515,0.5,150,20009343.734396493221196,1000
"[0.0, 1.0, 1.0, 4500000.0, 11500000.0, 14.0, 509.0, 13400000.0, 2300000.0, 15400000.0, 5900000.0]","[0.00000e+00 1.00000e+00 1.00000e+00 3.49995e+04 1.15000e+07 5.00000e+00
 5.99500e+02 2.80000e+06 9.95000e+01 9.99500e+02 8.00000e+05]",2,2,0.0658974647521972,0.5,0.5,0.5,0.5
